budget,duration,workers,material_delay,weather_risk,previous_delays,delay,cost_overrun
6923388,117,66,0.04055873754468142,0.3866201726338342,4,1,1
7050634,107,27,0.8715977272882306,0.6624839469416082,1,1,1
4804572,317,30,0.25669422831004585,0.3469626597345584,3,1,1
2734489,149,72,0.6652921019780552,0.3907551523296371,4,1,1
7704212,331,86,0.8003548790234066,0.15867887368968492,3,1,1
4972471,194,59,0.6626645130593555,0.25823101966616,1,1,1
5023669,211,10,0.09228479207325724,0.6054117575075872,2,0,0
7904852,252,39,0.5963215188603683,0.4331631113151664,2,0,1
5481505,340,26,0.5495836567221436,0.7743026829445951,1,1,1
2266891,36,47,0.9003212680742715,0.8525849549383427,3,1,1
5021373,359,19,0.4042397296442092,0.5416464182167599,4,1,1
6519877,292,90,0.3210810970870501,0.7582672920560591,1,1,1
3844769,190,64,0.7498507644364663,0.30690451319457,0,1,1
9680351,180,16,0.41267532608339663,0.4149712154000782,3,1,1
603355,114,53,0.646096175005063,0.712777676216831,2,1,1
1762752,176,46,0.646450090124607,0.38621199281703067,1,1,1
6164789,141,42,0.8880390643601178,0.5885049351589888,2,1,1
9805648,65,86,0.5986924023190974,0.18537277908251149,3,1,1
6243066,314,49,0.5021536099619869,0.599771314970498,2,0,0
6613790,217,39,0.138871326396517,0.8615137072268936,1,1,1
5221339,111,34,0.11573760667870536,0.8686396398234256,3,1,1
3775709,31,92,0.1543215652830794,0.7243444063295397,0,1,1
584654,332,34,0.17184848132709452,0.745753379076126,1,1,1
5647581,226,82,0.6378770926636339,0.5579274451507007,4,1,1
2454354,40,10,0.7409812502745785,0.5846680901658248,1,1,1
8742680,263,71,0.5299915229264187,0.133650581410518,3,1,1
2928388,224,84,0.829017732545491,0.4438591884213011,1,1,1
9416786,148,11,0.9912632267336332,0.4507762838863638,0,1,1
3163046,49,56,0.820012629119356,0.9584978356677402,0,1,1
5999720,290,18,0.6948823736759592,0.43108686262328944,4,1,1
7140913,322,77,0.5324926994371466,0.5493426449027576,2,0,1
3916664,285,19,0.4488530716747082,0.5332513992791025,3,1,1
3885659,251,25,0.08439238054454234,0.6367617170443272,3,1,1
3885357,255,39,0.39936874839469094,0.7482328313318959,2,1,1
1965689,82,70,0.9101346367821342,0.22504187617087212,0,1,1
568148,309,95,0.8080226299065529,0.5287244190984357,0,1,1
2325665,110,6,0.2160513650116872,0.8259177073160304,1,1,1
3245683,231,39,0.46660778469721587,0.46311471383751146,4,1,1
4556518,187,86,0.8167232025585446,0.278457546373573,4,1,1
3169995,149,82,0.06738455478552252,0.6547090753562991,4,1,1
5497895,88,24,0.3873925856686593,0.823767395799123,1,1,1
6897986,244,86,0.8518412368739476,0.06314029292739132,4,1,1
2370928,157,14,0.40389786417012374,0.7767904834072271,2,1,1
4655299,253,29,0.07761464473144086,0.8216479329617712,1,1,1
6749859,238,70,0.5425343685322515,0.4615229275886068,2,0,0
2805413,144,29,0.8617424949182954,0.9833056568184674,1,1,1
4410197,238,58,0.5902855429531597,0.7867083407073091,4,1,1
6058019,43,37,0.2262791082142318,0.7736625648956658,2,1,1
5914709,38,40,0.38423962013738133,0.7478385744120718,2,1,1
771836,69,99,0.4501233611819322,0.150608103218274,2,0,0
4084702,266,18,0.5792663538205268,0.2172308864530108,1,0,0
7781369,310,69,0.759351025752613,0.463990131464425,3,1,1
2799435,230,84,0.0988736176406354,0.26400434995946587,4,1,1
9085377,275,58,0.8896520330175663,0.41524097233404045,2,1,1
3158505,307,56,0.01230970301607559,0.8884641099229207,3,1,1
1771741,264,7,0.37005233467425525,0.8243268918792692,4,1,1
4269315,33,45,0.027420309972657653,0.6300398784799822,4,1,1
1546797,183,10,0.39297422534529125,0.8581203942511035,2,1,1
3547262,58,29,0.5258125988733238,0.7837723890172492,2,1,1
1064685,138,17,0.5116813865815117,0.4289849318408905,1,0,0
3379190,127,12,0.16562834702826534,0.20106515204994513,3,1,1
6096411,244,25,0.6457405100956123,0.5142010400093392,3,1,1
1507293,322,72,0.04477845050466822,0.7362288825285501,2,1,1
5274183,104,29,0.7619068201324154,0.436419598729593,4,1,1
3866612,355,83,0.9466444339935463,0.6667719097838972,2,1,1
8911855,175,72,0.3397688271511179,0.09432742629104363,4,1,1
5767180,157,49,0.5172393817143319,0.7480047363714034,4,1,1
8307313,71,64,0.3789102780588144,0.812713619893062,2,1,1
3204238,70,16,0.006710390304059954,0.7068378557805411,0,1,1
3130708,63,36,0.38587450289511593,0.9672635875263655,3,1,1
3994679,46,96,0.7917202592613465,0.8266520574606404,4,1,1
6017209,194,17,0.5959888421834818,0.9030937278765383,4,1,1
2267640,182,35,0.10125991461515893,0.933571083457648,0,1,1
7223771,105,82,0.847139489693785,0.8013479918738086,1,1,1
1785160,116,24,0.5310853448852428,0.6742588420064991,0,0,0
6580526,146,22,0.8417233617446761,0.005718581360789288,0,1,1
5673036,56,97,0.5802215187850294,0.4658257532231247,4,1,1
1925472,342,64,0.5596884448379399,0.571162298622361,3,1,1
548984,316,67,0.10525918519701238,0.3040302724479996,0,0,0
7056168,163,10,0.16735973313862795,0.31810444690347206,1,0,1
2004384,248,36,0.9720252564965911,0.9611594157101652,2,1,1
2730919,197,97,0.22848674675477076,0.8917108652027459,0,1,1
7440119,127,47,0.9774521179903679,0.8491790055017042,0,1,1
2237095,297,6,0.5319127065242634,0.4060118017061106,1,0,0
5280450,266,64,0.13578904706393713,0.013698550408914545,3,1,1
7969344,338,27,0.09930220275369295,0.08022224645571407,0,0,1
2609818,202,87,0.20886407070573998,0.31219636821760366,0,0,0
2731785,219,35,0.9256373300253358,0.015742912995676983,3,1,1
4353339,151,9,0.4141502243282268,0.017149781915198115,1,0,0
9967719,75,87,0.39543426799291437,0.916603301642411,0,1,1
1496107,93,38,0.313206261070174,0.7061585021190541,3,1,1
7630144,159,14,0.14706185056658838,0.30895599006815266,0,0,1
5045583,339,93,0.48785119719240644,0.13264457760095316,2,0,0
4247389,222,6,0.1300477825111387,0.5116357178950771,4,1,1
4642807,336,15,0.8354802363823276,0.005346160854364457,2,1,1
8488004,210,54,0.3703969862753065,0.938413743858144,0,1,1
6745035,321,35,0.37480356778179635,0.4148151193889472,1,0,0
4102279,311,60,0.4740064284831559,0.40233495523733276,4,1,1
6015989,58,83,0.4441277131657516,0.3905936075817822,2,0,0
2621690,178,77,0.9948579730593216,0.06932833038776476,3,1,1
991234,296,91,0.5453811212183025,0.6383222397918266,1,0,0
5901218,325,87,0.08820170378987069,0.7330036196283534,2,1,1
7414550,40,13,0.60687734157693,0.6761253975882903,3,1,1
6667294,193,25,0.15158429286987996,0.1384354933293943,0,0,0
9786029,142,77,0.030937644731341973,0.5788401680355926,3,1,1
7406726,216,32,0.9707421536772481,0.5694844841722538,2,1,1
6388794,324,66,0.7735388915345639,0.868410787941382,2,1,1
8058158,261,11,0.9801089924137669,0.379127658375647,0,1,1
7010425,256,84,0.47787844802224244,0.3714859436594342,3,1,1
9011017,339,20,0.5322575311489761,0.6185270587181856,3,1,1
8387739,127,8,0.16833695591913023,0.633072653499513,0,0,1
1269598,84,8,0.24690742666758558,0.46928522732579037,3,1,1
5792895,140,44,0.8385492149028282,0.4430593623304211,0,1,1
8471379,181,21,0.35618564711759415,0.4941476706378827,1,0,1
3831068,275,56,0.826814973796419,0.8610452995033119,2,1,1
3756415,98,97,0.7090137242870318,0.46116690125391,1,1,1
1374371,341,56,0.1771709252718655,0.9399317919698225,4,1,1
6154237,318,40,0.5074463661197421,0.504003763596326,4,1,1
1473548,279,42,0.6773873215187168,0.9492006931808914,4,1,1
3844014,65,54,0.2350372148038251,0.8328319018690757,0,1,1
7564746,268,67,0.8306885105200769,0.3624313226158291,3,1,1
6716204,177,67,0.5448276575451868,0.863641421296616,1,1,1
5693542,256,66,0.1652420504426032,0.11006328420111522,1,0,0
3459034,273,11,0.5829844261646024,0.9250471753430145,1,1,1
5074293,230,31,0.999713804155914,0.6316435150828916,1,1,1
7206971,183,96,0.15052149166341355,0.05439074852231118,4,1,1
543585,102,90,0.8167569301195281,0.6442567236508115,1,1,1
3039448,230,18,0.20730900318755796,0.9742476541447561,3,1,1
609556,325,75,0.7823883294600873,0.06980065461462892,4,1,1
2075557,46,90,0.7345779231214132,0.5546877097800863,1,1,1
8806461,158,9,0.30048938560043237,0.7477943497593724,0,1,1
2509021,246,59,0.3258231175644498,0.8102585866995313,2,1,1
1701482,90,6,0.7925213919629192,0.41382746532079584,2,1,1
1042335,133,66,0.46144551188731264,0.204166559168243,2,0,0
4770070,71,95,0.7308180287118088,0.042342278772383835,4,1,1
7200379,54,25,0.14798414736583476,0.5797261570972247,1,0,1
4060920,68,83,0.8525577819015535,0.4529110702676108,4,1,1
7360006,320,25,0.7108847166823191,0.948744395149711,3,1,1
2984413,160,14,0.9069428088348339,0.060604907714909784,0,1,1
3407360,258,91,0.13237237903497245,0.6853953434460057,0,0,0
6395544,137,62,0.5930145003605977,0.02496622212005717,2,0,0
6197469,201,43,0.5991205850403252,0.17143417671054273,2,0,0
2735000,131,9,0.35346074054678245,0.4535789999228341,2,0,0
7408531,41,69,0.4584664245692578,0.4548724428028682,1,0,1
4822252,304,17,0.03798156328985347,0.6857005429336439,3,1,1
6322184,130,89,0.745860038627012,0.9102130348677566,3,1,1
902690,73,94,0.549322479403174,0.6390321589149208,3,1,1
3048421,334,89,0.057741051869173776,0.9535350978515088,3,1,1
2454109,46,57,0.6807558929604856,0.8816156398779976,2,1,1
4922880,359,86,0.4667820772311879,0.5844997955307902,0,0,0
7705547,86,49,0.034461259425,0.8337919509188273,2,1,1
8823735,340,36,0.9696077268480954,0.642577610323634,3,1,1
6957294,332,40,0.9491121430894405,0.07855783092372715,2,1,1
1884250,41,85,0.5129024161471976,0.74056472325951,3,1,1
561087,347,64,0.0936724207059102,0.09490844126734621,4,1,1
6909907,109,15,0.7546212215985918,0.5940827805697124,0,1,1
1996176,245,67,0.49193110010572905,0.7026402058582288,4,1,1
539353,293,25,0.3024474782893799,0.06652760821085524,1,0,0
6984531,178,56,0.49141817752855677,0.23079465392653176,2,0,0
3860011,110,59,0.5224441454054645,0.9156722322616498,1,1,1
8154909,244,30,0.5627116990223392,0.6163144922328964,2,0,1
4759622,227,72,0.44122371365532653,0.24628601881053158,4,1,1
5459617,229,38,0.6057553031390567,0.6906797711480066,3,1,1
6225570,54,56,0.9187347106063773,0.5967764199616896,3,1,1
916880,118,86,0.36226808709859115,0.5015756999179484,2,0,0
7572695,297,97,0.7257164632199491,0.9761869749880837,3,1,1
7933296,172,56,0.8944525568242322,0.6834537774075089,4,1,1
5465050,88,33,0.4559792757599369,0.37544110966791266,3,1,1
1313168,55,42,0.4434558363819041,0.800073432076868,4,1,1
725281,76,46,0.6021169853547795,0.8845832929211878,1,1,1
4282875,317,25,0.5914067594224881,0.12522055951683142,4,1,1
3495765,295,46,0.806589342326277,0.2005529778452665,0,1,1
8234102,45,17,0.4764833837782927,0.2162270091277797,0,0,1
6095108,228,68,0.9961229496394411,0.6912118093865404,0,1,1
6174719,311,21,0.05947156886728078,0.6030395550532833,2,0,0
9158144,115,13,0.0031678485807017376,0.6189915646985882,2,0,1
7109280,279,45,0.6401983115596238,0.940773299689501,2,1,1
6000306,299,5,0.2984349123618767,0.775911532807306,4,1,1
4872093,364,6,0.2403823886994838,0.12793692451178318,2,0,0
2061729,146,64,0.31189908000428046,0.347507082425181,1,0,0
5531595,36,52,0.2560475651049543,0.4353936461757356,0,0,0
5978047,166,33,0.03079004966044785,0.3959615887476049,4,1,1
9570277,205,14,0.9715330423905887,0.6693086091618792,0,1,1
1619043,357,62,0.22074548845278175,0.8918931032565626,2,1,1
7603230,344,64,0.7340297625893063,0.306051463522788,4,1,1
3058231,244,25,0.7625963946941753,0.5518771364211856,3,1,1
7159908,111,32,0.9292573980072293,0.7894094219135857,1,1,1
3580389,252,79,0.030549457093379973,0.41621805884534935,2,0,0
2161909,132,38,0.8720483384470077,0.16811812839929585,2,1,1
3156138,302,12,0.5272261808398002,0.47495096526374825,1,0,0
610078,43,63,0.6325441099658279,0.05522252074302847,1,1,1
2415631,188,90,0.6444702771210337,0.9423834540022769,3,1,1
6814127,181,76,0.8197978049847275,0.07482120519497304,2,1,1
2508187,137,53,0.3334073221591105,0.43845671525057817,2,0,0
2159066,217,83,0.7330511898599934,0.5298812610885262,0,1,1
2648815,330,21,0.5285781097221971,0.9853038322872855,4,1,1
7855740,127,64,0.7933940143053477,0.16602182364286078,4,1,1
5006259,160,91,0.9905460327701334,0.11443151861235856,0,1,1
7973915,322,92,0.20065101740376123,0.008706147062543579,4,1,1
8158426,200,49,0.9946486415599979,0.1555714368693023,1,1,1
6904003,212,87,0.089812154282774,0.20727297906766762,4,1,1
4635314,68,73,0.002317547904813866,0.6305809415830923,4,1,1
1410681,44,36,0.04416193617783126,0.2197067903914004,0,0,0
2107618,33,48,0.3417824047367617,0.02052081472932521,3,1,1
4396830,239,69,0.6329063306784342,0.8266183455024887,4,1,1
4836787,190,91,0.06902954088784963,0.36559570100396677,4,1,1
3255423,45,12,0.00566581452956727,0.35369668658073394,3,1,1
571295,137,81,0.9370910284587948,0.30247902916792657,0,1,1
9632582,340,76,0.8219266359399297,0.9753732771464209,3,1,1
8113287,256,91,0.809183171139031,0.17011541730928148,0,1,1
3945376,199,47,0.8844242755019771,0.8982380639532351,1,1,1
5751035,63,5,0.7000342727721044,0.776803332139888,0,1,1
4112600,280,55,0.10440412974808144,0.07647995549931308,1,0,0
1325816,276,28,0.39910018807372305,0.9867291015008487,1,1,1
9263313,298,28,0.7231494864646295,0.27136596353901055,0,1,1
2526793,170,21,0.2803344607915209,0.09858292702241234,2,0,0
1054594,303,9,0.6874063641362376,0.8293142341257594,0,1,1
9036326,125,24,0.02449844826765235,0.7066755336776999,4,1,1
4004473,256,25,0.3061373408795932,0.6172188058779008,4,1,1
7799695,68,62,0.5491303362771727,0.15598086369893316,2,0,1
2704664,331,35,0.6320898295062423,0.4784961162559619,1,1,1
4841747,58,15,0.5770406644619108,0.7805560268872138,2,1,1
1186976,347,56,0.6977562760734295,0.30362393814384026,4,1,1
2972189,274,19,0.00608874823983907,0.31168982851504146,2,0,0
9006404,265,87,0.10094119997752149,0.0031409060481221163,0,0,1
1741082,214,11,0.8689442522791451,0.17424340164537955,2,1,1
5684502,301,32,0.6817486440901612,0.8754056251218343,1,1,1
7061000,265,55,0.1129316426860113,0.4417464916377071,0,0,1
7171458,268,62,0.8420744373985792,0.984234499234434,3,1,1
5392306,295,9,0.2422312178245669,0.39570796357379256,4,1,1
4174515,94,9,0.4782598841952235,0.7151864547802412,4,1,1
2079159,206,98,0.1451965128846603,0.28191904290472913,2,0,0
9795925,32,12,0.7101100564217067,0.3638096411409335,0,1,1
5015488,171,68,0.6668544210142678,0.19072598759089465,3,1,1
6541495,187,14,0.21111247116613618,0.347062368499395,0,0,0
9556842,353,42,0.8634007668570018,0.5472375204206431,4,1,1
9267088,175,96,0.4013060242197122,0.9917728809792494,0,1,1
6824167,322,85,0.2925150910707418,0.6642017130717857,3,1,1
1291971,182,99,0.15232958946453545,0.19924595440831405,2,0,0
1001157,222,12,0.26616801251553746,0.04496144159155113,1,0,0
4878727,102,29,0.022026921223816998,0.1263564813145106,0,0,0
4624499,334,77,0.5832574924561156,0.5625552012730474,1,0,0
6446594,169,70,0.8422307463439479,0.7651603288167663,4,1,1
5606799,216,83,0.5489804494416418,0.9404192073007469,2,1,1
4827576,322,54,0.21927396192387572,0.015823171996820817,2,0,0
5462140,90,71,0.03366917821387272,0.5227601415618698,0,0,0
3299487,227,53,0.21462807325880284,0.47086735622317677,2,0,0
3404941,324,40,0.4161214280710923,0.656055021975704,0,0,0
8483441,348,72,0.7596114286997965,0.559578854465342,0,1,1
5820385,331,82,0.1878428525377741,0.6870391505824806,1,0,0
2600021,40,45,0.7197914533546861,0.6580825847491903,2,1,1
7428040,91,93,0.8669334683518837,0.1170117248579462,0,1,1
1118467,362,66,0.45394684810835706,0.7997179136187196,1,1,1
5833152,255,14,0.8214319916425933,0.12323257571632484,3,1,1
7828141,182,25,0.5546573480350956,0.6985306252091371,1,0,1
5572148,228,40,0.637090837080905,0.4161453676406067,1,1,1
2207923,81,16,0.5262784603382027,0.5138507345765979,0,0,0
5634207,289,95,0.46317271675134175,0.9032980143757106,4,1,1
9016999,88,6,0.23465344177584935,0.8898837264734866,4,1,1
7230886,101,17,0.30319405946104605,0.8178563056550295,4,1,1
9905634,177,57,0.289970118943609,0.5101483804563233,1,0,1
6353584,92,36,0.5632889309538147,0.7362398101338331,0,1,1
8670528,339,99,0.11995369302388992,0.5128970555188094,2,0,1
4801754,272,20,0.9167916907023351,0.8696060824747774,1,1,1
2769042,359,36,0.7206551452831133,0.4027758332328999,1,1,1
2483509,136,36,0.40144563091319363,0.9702353444148768,0,1,1
8240141,255,15,0.15862414452637796,0.9323227582288776,3,1,1
616381,342,14,0.8819921697216359,0.7416026194517855,1,1,1
2021701,247,19,0.8237780901011652,0.279415884176072,3,1,1
6605525,270,21,0.7217215527171793,0.1316535887932584,3,1,1
3938618,288,44,0.27154704741124236,0.8547034500931975,4,1,1
8413697,291,22,0.40244663743366893,0.16530228613796127,0,0,1
2957184,34,59,0.10274825245242336,0.8542607889973357,3,1,1
4603022,290,77,0.18903952472753172,0.49076500671236045,0,0,0
1918175,83,29,0.7830166373167329,0.4065567838081042,4,1,1
4306688,76,63,0.7150387188506838,0.9031907788344291,0,1,1
7765795,244,82,0.5934857629759347,0.6038509825402779,1,0,1
4272962,206,93,0.8957267259261729,0.5766140071297178,3,1,1
4541776,38,26,0.5832665178130454,0.5587659446243977,0,0,0
3227423,128,34,0.4669679999636107,0.3711695160195314,2,0,0
6209840,49,88,0.3403707463057627,0.7856431035291273,0,1,1
5630397,270,89,0.9404485057361726,0.252798444015773,3,1,1
3951356,90,48,0.0827154615243535,0.938894960041275,4,1,1
3944084,207,36,0.9308873720608084,0.8939852050469608,4,1,1
3427109,91,55,0.8267146599310183,0.33748032567489816,3,1,1
7479451,174,50,0.1299299245357013,0.7294637698316637,1,1,1
9019981,245,25,0.5649843576752536,0.5732231944495915,1,0,1
8278484,32,36,0.8665479817490869,0.3376493019992346,4,1,1
9003902,189,98,0.5718091636071537,0.9885216479954467,4,1,1
6714624,256,43,0.9071998215606223,0.025237345848264203,3,1,1
5342611,298,16,0.9429838168160425,0.25264603062128665,1,1,1
6857182,149,51,0.4223845221843059,0.5200740611111504,4,1,1
4835868,118,22,0.3773136614063236,0.5219530034785639,1,0,0
2715167,358,25,0.9363211539691568,0.5889330749455641,4,1,1
4386402,97,17,0.6751400611496681,0.7516761720229193,0,1,1
7045535,127,25,0.11602268134816929,0.6234778305192964,2,0,1
7342385,296,12,0.042291749222681196,0.600281460528037,0,0,1
9578552,134,50,0.5646290509972631,0.05351446291304329,4,1,1
1188105,352,11,0.9301709654384246,0.3765302877892983,2,1,1
2489173,152,27,0.8442487024058184,0.232055739701156,2,1,1
3580761,58,79,0.6758477464643364,0.26537011160197543,4,1,1
1914466,166,90,0.13911584889108752,0.5543374743403449,4,1,1
945101,224,26,0.2542313837486956,0.19950531492960843,1,0,0
8606609,255,93,0.8755112265526162,0.29394910101689753,4,1,1
7913023,361,26,0.18280723665690046,0.2370847085173401,3,1,1
8113269,199,96,0.27843940825043456,0.9485029432181947,4,1,1
1605534,38,33,0.12960065119544195,0.9446657321710952,3,1,1
4853127,69,17,0.6761082314144111,0.6099415585960517,4,1,1
7815360,54,86,0.9439823053632096,0.9245224687318999,1,1,1
8573461,290,6,0.26896803159538596,0.7858126454683731,3,1,1
998863,255,33,0.4754066078500737,0.5899478828018088,0,0,0
9256262,153,89,0.6343397397112043,0.006435211496795712,3,1,1
3176188,67,83,0.9994662482156307,0.772516286079404,1,1,1
3795990,357,56,0.10480806499757211,0.7024883415884688,3,1,1
8282937,280,31,0.49857079950570915,0.615253653282414,4,1,1
7026818,205,54,0.38512011990250006,0.7604243116824717,4,1,1
9685687,119,99,0.8658201652223552,0.5129221647747657,1,1,1
5991590,66,83,0.4759677310116559,0.7040832713213391,2,1,1
7012440,345,27,0.11097752458514809,0.9351720867264933,4,1,1
6599628,205,92,0.6344241452865836,0.3758050158460863,0,1,1
7055968,313,48,0.7707806182638798,0.7081218349006254,1,1,1
3199015,110,81,0.0028812516656145926,0.4756878180109587,3,1,1
9337590,143,26,0.8589566854206295,0.6743996518139815,3,1,1
1672622,69,47,0.18602300000566563,0.7628933355543641,0,1,1
3003771,330,41,0.5520693646533779,0.04545250043579596,4,1,1
3677825,253,65,0.41579750068745014,0.6466004439486619,1,0,0
1496161,347,60,0.7196538166105304,0.22674118440694457,0,1,1
4683839,144,7,0.37116161478574183,0.6700325378075668,4,1,1
1166326,215,67,0.8697631766817108,0.4683301859338135,1,1,1
1149150,352,23,0.7304963609587902,0.7735527418648872,3,1,1
3875957,85,27,0.6477131710629215,0.12340081520559643,1,1,1
618834,69,33,0.7962405955628543,0.6263223516561951,2,1,1
3739576,69,34,0.7540230349283823,0.2784707289275523,1,1,1
6393309,266,43,0.03593867492155334,0.8529819953305915,2,1,1
6448540,318,29,0.39473435384482813,0.9283835056363074,1,1,1
4749913,291,12,0.9308072973164898,0.9963982936790554,2,1,1
4922201,245,62,0.12572426899222622,0.7960074024272833,3,1,1
1579600,176,20,0.7370965504320512,0.7537340704280046,4,1,1
9914323,197,76,0.9745918113353297,0.21550075886755105,2,1,1
4003157,121,5,0.052198629044971634,0.33600705899010874,2,0,0
8772874,88,9,0.6821938806266105,0.4656825417622795,3,1,1
9349851,88,7,0.4681541413010304,0.7733810477822497,2,1,1
2485588,333,69,0.5791752553747221,0.9149658650779686,0,1,1
9140059,198,8,0.08534133648432485,0.18913910002298462,3,1,1
4697355,298,68,0.04300695186693948,0.9223674846701029,0,1,1
2252683,74,93,0.6668666605509217,0.695624652354058,3,1,1
8216868,210,14,0.8233094298207179,0.6107707306850386,2,1,1
1504646,199,25,0.7820153349329673,0.19984127128193951,0,1,1
9860133,220,50,0.5438057278662374,0.055525032809150554,2,0,1
4367500,184,95,0.09986682113617817,0.5684648985079399,3,1,1
949395,217,31,0.6880444438360138,0.6515156833288924,2,1,1
5643901,36,70,0.24188888355414595,0.21078144935468823,0,0,0
7254350,162,45,0.9110687027673836,0.5564562058254564,0,1,1
1760386,264,17,0.8382653595457049,0.8564934027625736,2,1,1
3554390,74,13,0.7093829670873909,0.83506594545502,1,1,1
7519431,343,40,0.9488459558311304,0.9273551805862972,3,1,1
3879569,278,90,0.03142182151127293,0.36588580955688044,3,1,1
3400603,60,94,0.736200425060762,0.3180495725509187,2,1,1
9111474,52,62,0.33024277933640533,0.7494260059808087,1,1,1
2146711,189,58,0.9060658856863653,0.431112405097005,0,1,1
6087774,187,16,0.2666751966619776,0.08754866402778061,4,1,1
6819707,68,85,0.724856499315017,0.2828011306704997,4,1,1
8467801,111,82,0.8776470196507814,0.41858228553148913,2,1,1
1923286,287,18,0.041656818382682426,0.292516425476252,1,0,0
4195961,235,38,0.3976475795920361,0.3322055709473216,1,0,0
8717316,106,57,0.7623090320219387,0.29377590617439076,3,1,1
3677945,41,24,0.4549188895075871,0.041499167183079444,0,0,0
7848340,324,79,0.2672526297935953,0.6370947008244425,1,0,1
683062,253,20,0.21980534882319003,0.5972924203534693,4,1,1
3341992,42,99,0.1315182669163779,0.6533834984786806,0,0,0
4794539,75,74,0.8571295598562823,0.19230989603362747,0,1,1
6595929,184,60,0.575355403251556,0.2956545416124853,2,0,0
5444505,142,87,0.07638494499145598,0.6196159269449223,1,0,0
1303328,262,62,0.3825803235706354,0.5996275684599214,2,0,0
4562958,46,8,0.3677336508051099,0.5063303093542678,1,0,0
1543233,252,8,0.18173919070946298,0.3504132500101974,3,1,1
6968703,217,24,0.4355076254721907,0.9129310047746899,2,1,1
1029525,192,14,0.33209936539313645,0.3397702422988438,2,0,0
676615,355,28,0.34180370549218253,0.4556191564372516,4,1,1
4881932,103,30,0.7390265577879587,0.6781138309542087,2,1,1
7165088,262,41,0.2232633855051963,0.5430214308667641,1,0,1
7974447,253,89,0.6418599588553554,0.34688597636438556,4,1,1
5101020,348,58,0.5706496238809349,0.43564479045650983,2,0,0
4199391,89,25,0.5680925123378673,0.7944808178535061,2,1,1
9429860,364,78,0.6630073461417759,0.27812915548661243,3,1,1
7506454,251,42,0.548382036195654,0.14225523977681542,2,0,1
4112610,66,50,0.8792551148463846,0.3131632018297771,0,1,1
7531883,307,8,0.6755800919502598,0.8495342154879013,4,1,1
2664367,225,64,0.5469632513713881,0.08898971485634666,0,0,0
644356,271,61,0.8297631202876449,0.9916960733724518,4,1,1
9244220,353,49,0.6061465649334797,0.5410028989276625,3,1,1
8898043,248,24,0.291144247785179,0.984845743967094,2,1,1
2248014,221,21,0.20709491817657122,0.9389964220859776,2,1,1
7656720,46,75,0.1523277856626788,0.45281371421091676,2,0,1
2788627,41,8,0.8994552125461016,0.1984910746053491,4,1,1
7017963,222,97,0.7101354317980658,0.16488477656513845,2,1,1
7097519,51,18,0.9373784381643208,0.2399893638699575,0,1,1
1264121,149,7,0.603291805714943,0.7101326405645373,2,1,1
7568121,239,92,0.47340088149491255,0.27294999473148784,3,1,1
4002630,335,84,0.059716488970889325,0.3414252696042983,0,0,0
6198848,299,62,0.6716422815460298,0.4487788039946148,2,1,1
1607677,221,59,0.5822087597682312,0.9132326804214563,2,1,1
6238852,204,8,0.9902088935876214,0.1893934178848461,1,1,1
788790,314,28,0.23915877778224304,0.005026552609803114,4,1,1
5584921,233,38,0.5307373552868359,0.06009641037817015,0,0,0
4193305,193,34,0.6509573351180726,0.9047663416801179,1,1,1
4966271,280,86,0.6445911747423436,0.6475164648433631,3,1,1
4885536,256,23,0.5612935429484027,0.27304061932780677,4,1,1
1852695,36,35,0.7769280103272255,0.1771925010111911,0,1,1
2089228,58,64,0.20498120952681642,0.29426673663711433,2,0,0
1600567,62,64,0.7256272002744159,0.1147969272512801,0,1,1
8206358,163,23,0.6197345714330892,0.9415329102844411,2,1,1
549115,108,53,0.8960751117945733,0.7842061743652669,4,1,1
1221747,87,67,0.8471944390335817,0.4623911769125407,2,1,1
5892023,55,87,0.31514703913255326,0.864962605115202,3,1,1
6457515,255,26,0.2762373249751531,0.2494582042932323,2,0,0
6732753,314,28,0.9816533238524479,0.7171205684721935,3,1,1
5746880,33,80,0.5272651809152565,0.8561324990137434,4,1,1
1904330,128,34,0.9064209639144368,0.3567687116232726,4,1,1
751492,68,62,0.1638810237804822,0.7574644454507177,0,1,1
4535851,300,35,0.6428189148001743,0.29507234926430936,3,1,1
991072,314,68,0.8098601873605862,0.2988571352590308,3,1,1
1586880,186,23,0.9473952495864468,0.10705717855418606,1,1,1
2555723,104,52,0.3373401410170235,0.4400580465093987,1,0,0
2748988,317,49,0.7249811699240525,0.7297119064974222,1,1,1
3476242,159,98,0.538813009039619,0.940220805571285,2,1,1
5080081,204,59,0.06062892606646819,0.6037969919290961,1,0,0
3148790,113,59,0.6899997373089434,0.863135537735739,3,1,1
4263024,51,22,0.6900965582378434,0.8224946492902271,2,1,1
5333177,56,67,0.930606804846537,0.17334305297528085,4,1,1
8772841,224,96,0.4973124461689724,0.48581742891263147,0,0,1
3853597,265,51,0.23025092071051467,0.11692353552539148,1,0,0
8954561,121,79,0.04456382344867915,0.682153161561635,4,1,1
3097480,50,61,0.4156421866859057,0.949899668246076,3,1,1
4697571,332,49,0.3019167000775018,0.1370894580787565,0,0,0
6874201,113,37,0.7610883060238756,0.7338831308025413,4,1,1
6618900,291,21,0.3542677648410466,0.632238150867861,0,0,0
3422097,176,74,0.9490711963148439,0.5836050370080997,1,1,1
657164,286,8,0.9623102029877842,0.39012023468833923,3,1,1
1031831,87,24,0.6209085902177081,0.35513164775381256,0,1,1
3489475,44,51,0.9286602870148829,0.04524918901888786,4,1,1
3869720,191,95,0.7608543445144956,0.21790870825201347,1,1,1
5211075,192,19,0.5468596409751262,0.015176882286826898,1,0,0
7622313,349,74,0.18030793542277812,0.5814171055820205,4,1,1
7354500,310,51,0.45859794351384,0.10585323587790885,4,1,1
3140328,309,82,0.5608744633626176,0.8730193940297161,0,1,1
9579703,41,79,0.8639615807350102,0.5231430206971652,2,1,1
9722335,303,13,0.4813333765356649,0.6996899090587084,1,0,1
7826434,300,94,0.8976746726779566,0.41085709184049646,0,1,1
5563778,237,20,0.6743489790234689,0.5605798090010486,4,1,1
4470001,56,73,0.13699906305367138,0.9426591769666305,0,1,1
570640,101,65,0.994981369325093,0.08273403962367076,4,1,1
4622263,89,14,0.5272326607539126,0.25393777192369615,3,1,1
5094877,174,54,0.3918582964090789,0.7799883269105443,4,1,1
1855531,122,7,0.6591137644695265,0.09873720688266585,4,1,1
1175510,338,81,0.10889331398103907,0.07566110390411085,4,1,1
4241196,37,98,0.6365386467533544,0.36154139875403857,2,1,1
7490102,108,74,0.49823600049927297,0.09216795847243231,4,1,1
3234296,56,85,0.40667406999858313,0.5850784422062031,1,0,0
7206024,203,55,0.9530200211788992,0.22627525081659983,1,1,1
1398320,79,23,0.5225397167320532,0.8956979631993723,0,1,1
6281565,228,46,0.21911747946993843,0.7835000808452567,2,1,1
2507635,210,39,0.45896347937729864,0.6997052060994762,0,0,0
3764908,53,50,0.9193874045726727,0.6169440273845019,1,1,1
4760538,345,30,0.17609547133059467,0.8634657303414633,1,1,1
6986460,75,73,0.2139570386882369,0.22306206154275687,3,1,1
6697323,44,97,0.013029567757083749,0.8731088427642276,4,1,1
4121581,182,68,0.01419004939576718,0.7894922984240523,1,1,1
4746238,251,41,0.8293916269585125,0.7481608263876856,0,1,1
6463135,235,88,0.7321226068429558,0.561255678074924,0,1,1
9314131,302,53,0.35504105645195827,0.2462441609706001,4,1,1
4099865,265,25,0.6983111572275728,0.42354791599189634,4,1,1
5882287,257,78,0.3952059263099702,0.7935706545388016,3,1,1
8490340,38,68,0.9528967959978275,0.031778484357324444,2,1,1
1539458,195,9,0.9670526814260348,0.7820507692637583,0,1,1
4272811,348,74,0.3927937758093434,0.2400707404875665,4,1,1
2817336,243,94,0.854221906340868,0.14430920072160303,0,1,1
3263642,146,8,0.7730890416974662,0.11570131818030216,4,1,1
8189684,101,43,0.3099999371717893,0.027250011950815112,1,0,1
4288340,93,39,0.23203982890110597,0.5235864852214529,0,0,0
697775,234,5,0.45823465039283384,0.21825987269372948,1,0,0
2886488,238,28,0.7813488406144062,0.9894317657796315,0,1,1
1287494,101,61,0.9601677847287454,0.5744367558722058,2,1,1
6351244,306,74,0.7635790688665726,0.13788526935601042,3,1,1
5832660,303,45,0.85520698501837,0.6887625408113653,1,1,1
7337433,349,58,0.6030643061705165,0.8977435665097253,4,1,1
5583769,124,50,0.8354078308421259,0.7451794953696144,2,1,1
1033636,195,64,0.7844208580034177,0.07643986103944767,0,1,1
4732406,61,64,0.3769855419262801,0.8958841811926596,1,1,1
2776360,40,61,0.5519903021207211,0.7939293858599648,0,1,1
4908249,330,35,0.8047531219896948,0.15830390010561435,0,1,1
4926219,246,88,0.04605673418995637,0.051785888732816865,0,0,0
9414438,318,28,0.8080792823558299,0.5573105753143085,3,1,1
1832397,131,93,0.17788812404902343,0.1560358113399769,3,1,1
8017836,296,40,0.514683617121439,0.834590952595272,4,1,1
9606824,243,89,0.8082754395559376,0.35833465667167375,1,1,1
7146705,208,34,0.25382107815669486,0.9128924447365754,2,1,1
5962810,117,28,0.245807439306153,0.5656881721410058,2,0,0
9405921,70,34,0.40276439846225187,0.18267238423966814,2,0,1
7403836,105,90,0.8946427975776345,0.1395988673598001,0,1,1
6743669,75,96,0.0004427814372078842,0.5764724375577539,3,1,1
1786643,189,11,0.9013830966419349,0.7618836118624439,1,1,1
8815390,109,39,0.15380702464160778,0.7815056477421821,0,1,1
6700646,339,59,0.9900863760674821,0.2757574044412813,3,1,1
7483896,115,96,0.9548469930384681,0.20424675891216748,3,1,1
9283148,121,18,0.4946751895912833,0.016756304492382412,1,0,1
5909861,177,14,0.5127202478126281,0.6791991512011694,1,0,0
5439003,190,84,0.4815493402758543,0.07656825843353898,1,0,0
6811326,231,20,0.6354436456595226,0.4207612017659258,0,1,1
5646386,271,58,0.09072170223493103,0.6016821640182961,4,1,1
8915398,31,99,0.032617948341566505,0.937108944919677,1,1,1
948345,254,93,0.05770292841589886,0.31180213695576864,4,1,1
9637682,318,81,0.4443653492415144,0.24977216244651979,0,0,1
8327494,262,74,0.2755479392194834,0.6541601542860984,4,1,1
4185501,106,48,0.6220395623709938,0.6192390320535817,2,1,1
2379490,145,77,0.992442289374779,0.3321097833081246,4,1,1
5484445,183,49,0.3863231730764659,0.9281018355097865,1,1,1
7439705,132,60,0.5738412541045134,0.8448623274896327,0,1,1
7502587,223,88,0.4156038959073355,0.22398254586508115,1,0,1
7242471,195,86,0.8472716677218594,0.23914254543452318,2,1,1
1954908,119,61,0.9022364034622381,0.5123003468870806,1,1,1
3819144,203,25,0.87735561220526,0.7735721017307203,1,1,1
9193670,151,72,0.9743722386792576,0.04404037938846439,1,1,1
6306466,172,54,0.027519185140415292,0.6933351537347067,3,1,1
6244588,135,37,0.839816162145531,0.648235897382097,2,1,1
5804509,334,95,0.7517721730390933,0.23148009591298824,1,1,1
8168216,346,11,0.22869440940036478,0.6813530132413488,1,0,1
5449499,152,74,0.9563200933875275,0.9401831912520826,1,1,1
2887312,38,19,0.14817792822994547,0.04678584497176852,0,0,0
4193976,291,86,0.6795499271339084,0.31965205529206253,3,1,1
6562903,102,36,0.22489021681591248,0.43817671666635527,0,0,0
4908224,252,79,0.43138064877407467,0.8992603589246896,3,1,1
4535493,70,24,0.7191598969445689,0.9622614466091567,1,1,1
6203737,233,92,0.5633246420330467,0.44411524649633227,2,0,0
2371403,293,19,0.4275018313281117,0.7500284121421912,4,1,1
6247372,357,52,0.3263384309319872,0.531661023764483,4,1,1
5348287,207,75,0.8396596557087903,0.5377829347413765,1,1,1
6158796,347,25,0.1438143503148137,0.27809951506635644,0,0,0
1321052,113,46,0.43010287652980006,0.21695624586387952,2,0,0
2725300,347,30,0.9037575717751422,0.28800534592404115,3,1,1
2355567,140,18,0.8458495504599677,0.5563280072570793,1,1,1
2034837,280,61,0.4009417624730467,0.029155186022088997,2,0,0
3838442,36,41,0.7631083636013083,0.9072489443564058,2,1,1
5426203,113,62,0.8231608307088593,0.15628370954977622,3,1,1
923570,237,25,0.8888874240036297,0.22008867687138656,2,1,1
2873139,343,86,0.544505769049228,0.5182761764476463,0,0,0
5721816,51,73,0.2044608860547118,0.7101147663372793,0,1,1
9746766,32,7,0.25530907650393164,0.0957290547443973,0,0,1
2614792,156,91,0.2956946740416042,0.3176946975471622,2,0,0
8941136,326,94,0.5938024808096155,0.9686746055743571,0,1,1
2373421,217,41,0.03280962412860844,0.2623429667809457,3,1,1
7050670,43,92,0.6360424687799683,0.3130501450631469,2,1,1
6581950,41,53,0.364354238428232,0.8364984906180335,4,1,1
7425877,116,23,0.29524180248964216,0.05021443169045525,2,0,1
6467106,41,93,0.8794965707281264,0.46461316880897086,3,1,1
5618922,54,89,0.4600023955807989,0.37961676445167025,4,1,1
7677545,330,16,0.09505304553269278,0.31658675990865115,2,0,1
5622783,272,65,0.826746768026247,0.2856995940447645,0,1,1
6028983,151,45,0.0476412574365066,0.0913741048604092,1,0,0
660775,176,37,0.7267492241681967,0.3148258293516488,1,1,1
7849369,84,54,0.7739062217706651,0.04305240271566857,0,1,1
3167867,267,72,0.35260260592885817,0.7809638636444353,1,1,1
7155623,202,75,0.8247878562777867,0.39822779395801167,1,1,1
8186841,250,90,0.5156594058564534,0.4439038323199116,0,0,1
7478737,148,37,0.4632936532727968,0.8935945864501316,0,1,1
1844027,338,85,0.04540328146869255,0.6580549838612207,2,0,0
4666500,212,28,0.2900291936489059,0.008059103342119789,2,0,0
7967048,317,65,0.9310099708852998,0.943174822961285,0,1,1
9679875,336,65,0.3918239632835,0.23714446597771122,3,1,1
8384479,329,32,0.5467005205567683,0.10761418475985884,1,0,1
997562,111,62,0.5320216789842518,0.7681281783808822,2,1,1
5078238,240,47,0.5904310898226933,0.5004773158667182,1,0,0
4537776,179,45,0.061330955643282614,0.43377056601801756,4,1,1
4510912,66,43,0.3621762547987283,0.24950307968274177,0,0,0
5011732,341,90,0.7231282738825542,0.5474714898623186,3,1,1
6062067,88,53,0.20056025107298292,0.27438460520258745,4,1,1
5737196,160,21,0.20357837754636043,0.9015830052870676,4,1,1
5385211,231,74,0.010090606689024728,0.2152044797331928,4,1,1
6626319,272,74,0.4374819266082097,0.8843551504557535,0,1,1
2100396,64,69,0.882734380673422,0.559405425727357,2,1,1
3811149,122,78,0.05190094358730901,0.828488133895241,0,1,1
9011010,236,89,0.19111870949600263,0.712845995860955,2,1,1
2996081,361,9,0.31008453834275507,0.6966951114367486,4,1,1
1075278,334,6,0.7317247365642129,0.3243458076950557,4,1,1
5687480,242,26,0.6406355928025865,0.23389693147220347,3,1,1
1678049,188,61,0.41594390458185504,0.21088622768078813,2,0,0
3580201,53,70,0.7590689392583757,0.8571916570595887,4,1,1
7636029,322,78,0.6096310116569019,0.82042682025902,1,1,1
3964442,33,20,0.8960407996572191,0.4405735280123073,3,1,1
3814692,249,55,0.818026749138693,0.1324046134964546,0,1,1
5219607,49,43,0.25281360608920056,0.3822522519774584,3,1,1
6785088,181,90,0.2714385776342002,0.6193434541369114,1,0,0
1610389,79,80,0.12535647579238562,0.45440315447995283,2,0,0
8916320,206,92,0.3369647257174565,0.780189268482995,0,1,1
4412942,125,44,0.9995439187190943,0.9976228222513854,0,1,1
9001424,134,42,0.405751168615061,0.19113208844889684,2,0,1
7968810,279,64,0.2204884346891064,0.45965081965957244,3,1,1
2135156,146,63,0.762482884475553,0.43098390192082203,4,1,1
9023838,257,14,0.5424710034626561,0.30449253274895083,3,1,1
5501045,95,68,0.14960144952695253,0.19809551672028958,1,0,0
4963418,364,67,0.38068968116086577,0.06569211648965922,4,1,1
4845760,291,53,0.4144697155393433,0.8871193172236984,3,1,1
7653768,324,68,0.7538297005692186,0.4198486976863176,2,1,1
3751298,272,36,0.020671368891904462,0.49689551850004887,1,0,0
4965150,215,11,0.2690196467983105,0.9169420482009158,1,1,1
8889012,275,25,0.517596301315522,0.7762904775159478,1,1,1
7749903,154,24,0.26884674245284335,0.1305012641171842,4,1,1
5397590,297,30,0.6284340474189989,0.5654199676077424,0,1,1
6689573,160,72,0.4818674792746166,0.4422522765195591,4,1,1
1823483,266,90,0.36171025485958064,0.7972110725787628,3,1,1
2222320,47,19,0.9492086268705122,0.7242325476119492,0,1,1
2832517,69,89,0.6321594991864574,0.690405721911072,3,1,1
3696340,50,83,0.12994137226794122,0.3405448354798969,0,0,0
9051881,254,90,0.5600916974433955,0.8049637303992545,4,1,1
5887408,311,96,0.780731853200901,0.05239129559486122,1,1,1
6192493,37,18,0.7084896974927973,0.15962490143216723,2,1,1
8747752,129,31,0.17208922929525938,0.3356232729779117,1,0,1
1587341,269,44,0.9724199990401033,0.07680744106928128,4,1,1
6695200,116,62,0.448813645746606,0.2349942775346916,0,0,0
4477266,327,32,0.1590250037402613,0.8301509829979181,1,1,1
6058956,43,30,0.18019575412814792,0.9482515377900793,4,1,1
3531756,363,67,0.0982349921890805,0.3046023557741905,3,1,1
1343523,31,70,0.8035181084349343,0.2645158039888382,2,1,1
9434845,322,29,0.12203049432184865,0.2798926522464269,1,0,1
4540479,354,7,0.12512525714174694,0.27771908735084383,0,0,0
592193,70,76,0.8504716147608377,0.03593018218597299,3,1,1
1686887,347,48,0.34460408444755963,0.9269163463311081,4,1,1
9396761,345,46,0.030857904308072448,0.2136981415703284,2,0,1
3834817,140,10,0.051895299518410876,0.42000407408140494,0,0,0
3215514,43,43,0.14217044670389556,0.00968688274096774,4,1,1
3158571,260,56,0.21339334797568954,0.8579550909150572,4,1,1
5334357,113,27,0.6651461942384054,0.7311573444549172,1,1,1
7602173,159,93,0.15732628000182824,0.9467560351737032,1,1,1
5392472,260,54,0.11887439117707199,0.7816154791963991,0,1,1
981680,355,47,0.7647191414762792,0.31370651205206523,4,1,1
5665679,174,23,0.6710552838599144,0.24787335872842364,1,1,1
6680142,57,73,0.4353242214552362,0.697716307553293,2,0,0
5787118,95,55,0.549309771480104,0.36411277501049943,2,0,0
4600673,192,15,0.3119840203264185,0.5662150157526166,4,1,1
2034026,258,16,0.48250042023536066,0.006257471026470229,1,0,0
9204434,290,78,0.5066726489827458,0.06188570168047525,0,0,1
3967366,193,12,0.3872372711780959,0.5353679411816512,0,0,0
827359,330,28,0.9065722106721628,0.5660716464481651,0,1,1
817537,332,96,0.016061864981006146,0.7514529444593436,2,1,1
7453757,316,45,0.7821712630912462,0.13196531962396174,1,1,1
1050222,39,40,0.12438283124132432,0.5131830837567788,1,0,0
5475026,224,89,0.7975473605371994,0.1944476444316886,2,1,1
8295134,147,76,0.6159119156767212,0.09319611956269469,0,1,1
3073619,299,59,0.8432780909364024,0.4104957940605546,0,1,1
2953752,109,13,0.09751432564089746,0.16333664808905723,4,1,1
7765760,122,51,0.558980634099774,0.2217819781923186,3,1,1
1853038,295,19,0.5010878802621971,0.31755457986950175,1,0,0
9139483,361,52,0.7061931829633586,0.25938840074319625,1,1,1
5157693,286,86,0.5342905518936758,0.0875912974059464,1,0,0
4764694,162,46,0.5407345671331042,0.08991624485970229,3,1,1
1207689,305,64,0.4295959435760647,0.19324941523416816,4,1,1
1796516,293,88,0.30883442400734085,0.050559187959538954,3,1,1
3963351,200,74,0.4822643612521922,0.6264570196769271,0,0,0
2354971,30,16,0.11849235876840059,0.28732671650890196,0,0,0
9538807,342,6,0.9615133389830848,0.279745967769071,1,1,1
2349396,93,11,0.7144107636265983,0.33199829423776517,2,1,1
3191276,313,84,0.9524671166878468,0.6627962742097216,1,1,1
9517469,150,7,0.22672738232996326,0.8706338814834905,2,1,1
3026954,136,7,0.879341020176528,0.7590869325556384,3,1,1
7049546,204,31,0.8087899845635385,0.727529230225095,0,1,1
8507407,233,44,0.6771524124576737,0.48439118560084926,2,1,1
7885034,194,37,0.6250291860852057,0.6938055569674118,3,1,1
7563410,334,96,0.31654966526787,0.5527623680335831,0,0,1
9550222,149,5,0.8164107849650307,0.2162505281865289,2,1,1
8501482,73,12,0.5015154614797338,0.20858836774105072,1,0,1
9555605,341,36,0.07089157589128536,0.29639200687528344,1,0,1
1572647,185,52,0.31286316085513,0.9108026709698133,1,1,1
2131107,236,8,0.9352970985453276,0.5474148403797259,3,1,1
9917063,137,98,0.8506802606048463,0.7339053770018694,1,1,1
5606563,280,74,0.9819056980765392,0.3465587598165476,4,1,1
8734679,363,23,0.6279933826040981,0.40771577066522524,0,1,1
6963768,159,36,0.24751007314041196,0.12556557863725137,3,1,1
6106594,322,13,0.16281504967686378,0.17129495782167037,1,0,0
2450367,49,16,0.18691444060846163,0.8273565548261456,0,1,1
2410705,311,15,0.019795658347254386,0.5848386316888821,2,0,0
2101596,314,50,0.3906821109859392,0.3375324658838189,1,0,0
4291481,30,20,0.1914276804995425,0.802851208995546,0,1,1
5623122,148,5,0.4116554604567024,0.24651990563798298,4,1,1
8257202,64,67,0.9349944318387654,0.9760326986002038,2,1,1
6848564,227,25,0.43054020950718996,0.34481760774616976,4,1,1
4650276,274,34,0.8779844969848348,0.3373109541512276,0,1,1
6223601,88,17,0.6055047666158765,0.3119119055367052,4,1,1
5854075,354,38,0.24713155466139192,0.12211151592428793,0,0,0
5779548,190,8,0.3558547592592114,0.11113714733201241,0,0,0
2882357,208,32,0.08391953582142941,0.6481050345341234,4,1,1
8404069,235,99,0.3334625935960105,0.875118044558047,0,1,1
2745131,41,63,0.677540945503534,0.7905205102716735,1,1,1
4746049,305,31,0.07211109292943518,0.1411075940213511,0,0,0
8980473,210,73,0.20540140847802935,0.5455821217920664,3,1,1
5955770,271,29,0.3814410414133115,0.10559154597664,0,0,0
1572200,245,7,0.9820495370159625,0.045294643613077445,3,1,1
3406158,280,72,0.7848618229588802,0.6563858593847672,0,1,1
1722869,328,29,0.7334867464921039,0.5351523336803503,0,1,1
3625354,155,24,0.11619095652544598,0.08202368521147085,4,1,1
5282883,246,38,0.7809958936149914,0.034939246405988444,1,1,1
7001632,335,30,0.7852688115160151,0.9897564134093346,1,1,1
9802640,314,9,0.6011026956243283,0.030021332149071878,2,1,1
4482588,214,65,0.9903617819983719,0.44452825305015964,4,1,1
8583123,68,96,0.32525390592455194,0.5046190246076956,4,1,1
6660686,252,97,0.9412724482418516,0.11728014780044504,1,1,1
9806167,213,13,0.9147311149565036,0.16906177843971626,4,1,1
1135605,207,54,0.011480659749377842,0.3518050064103525,1,0,0
7979821,323,10,0.45011652647481104,0.7616758762136626,4,1,1
5083897,180,87,0.9771042330515733,0.5070824240602667,0,1,1
9703739,155,64,0.10312136240807579,0.6379018745529615,1,0,1
7913718,330,48,0.5477846943833194,0.9851745550906748,1,1,1
567661,337,15,0.9789575070411041,0.7680054353132096,3,1,1
7359991,263,70,0.5554954241058602,0.4343614981412177,4,1,1
8085153,37,51,0.18981530297215599,0.44644192179654874,4,1,1
6414988,158,77,0.5821832300925898,0.618772077041005,1,0,0
7058221,293,89,0.20444057394954684,0.6653652084189043,0,0,1
1807506,186,92,0.5197042628944842,0.5007109258366713,0,0,0
3401614,34,90,0.074042217912348,0.6448612228149799,0,0,0
3466422,115,7,0.6054826692144046,0.02353249441409877,4,1,1
4208654,204,80,0.5167899391281582,0.4296228638968441,3,1,1
7815436,319,96,0.7401613687614631,0.27893807607347676,1,1,1
618033,222,34,0.630700471158785,0.1291744452431104,2,1,1
9518873,340,94,0.5496062685307567,0.09954651280877513,3,1,1
6372354,148,25,0.6897788492481212,0.6031921656146675,2,1,1
1715502,247,32,0.14394191357223085,0.5236005471526117,3,1,1
2819049,143,94,0.5953596612586041,0.2535841169963692,0,0,0
6792518,174,66,0.17211060282277768,0.4709500587725145,4,1,1
8087768,55,37,0.9255222078518809,0.4922323151824083,2,1,1
4220464,165,89,0.0683341048456042,0.1950089804386158,3,1,1
2692614,332,39,0.43037474969079326,0.6520930618816506,4,1,1
1270173,261,56,0.6957974776554449,0.7809193563860904,2,1,1
6142264,105,38,0.45802221166825874,0.791463540889519,1,1,1
967010,357,45,0.09209525323290235,0.6024698307034551,3,1,1
2155016,331,55,0.5533790161267074,0.5116385825190141,1,0,0
4721038,318,51,0.6416319088273545,0.06100714300539489,0,1,1
9812483,30,86,0.7037923109905077,0.28783129885160585,1,1,1
8876430,176,62,0.3732598144627589,0.0932714467781699,1,0,1
4380993,316,79,0.5636599710287622,0.9638231608784736,3,1,1
3068103,171,61,0.4506864749389131,0.1350801462257607,0,0,0
8969872,82,27,0.6720560387522534,0.15177540985110205,1,1,1
8911883,333,52,0.5835569673248185,0.8895766183304922,4,1,1
6982532,98,26,0.5257562195591349,0.9439282834764579,2,1,1
5696467,119,21,0.24952436683824863,0.7658290392349099,1,1,1
6452793,249,73,0.0020185177482339167,0.00540492367266987,0,0,0
9461343,221,15,0.17408167531142926,0.0013462709565636999,1,0,1
2500609,92,98,0.11706604142416865,0.3781007697874508,2,0,0
9801434,102,19,0.44908474501094675,0.14339537001089253,0,0,1
3197143,190,95,0.6122581507618446,0.018386142151597284,3,1,1
9751130,198,39,0.21308500868480817,0.4640666894045047,0,0,1
9692300,118,37,0.9390570959671871,0.9430618974069715,3,1,1
1814532,205,88,0.006682129223887778,0.3238195749024314,0,0,0
921240,298,20,0.7723010151653429,0.6611406784286965,2,1,1
1444789,102,38,0.6252047695304422,0.6522353531324407,2,1,1
2713573,274,70,0.3735548010476819,0.25108010366516775,0,0,0
9414501,106,44,0.05048894441240792,0.6504252488238643,1,0,1
2755363,188,32,0.6274865717842794,0.21233397428689127,2,1,1
8875741,353,51,0.38561351286564804,0.12200741357688905,3,1,1
5556861,127,43,0.9362671394132192,0.7013832855596901,3,1,1
6936446,131,74,0.5419900748897659,0.11344081710391674,4,1,1
4648887,161,77,0.9396515112935082,0.9969092185893553,3,1,1
9557014,131,24,0.2204836934733041,0.18345240115022932,4,1,1
4168866,48,5,0.7257259103641033,0.5941418627564575,0,1,1
5112338,111,76,0.6172490208487257,0.4113745714125894,0,1,1
1533255,308,91,0.7394082298313118,0.1263864224056671,0,1,1
7582212,360,67,0.2146678639725368,0.027843907577413396,1,0,1
8702787,158,71,0.6649945162377737,0.6227322822928333,1,1,1
5489847,339,8,0.498040393056869,0.8067575637891261,4,1,1
9429285,118,62,0.7428249749063163,0.842015661506744,3,1,1
8143603,242,29,0.3270446441518178,0.48271347307693446,3,1,1
3594235,172,51,0.8900570254652526,0.7774554671823856,0,1,1
6486126,94,42,0.08430131461135038,0.6728471334885447,2,0,0
3359653,105,19,0.807189318791188,0.7242545274991332,1,1,1
887952,228,67,0.8613196258150908,0.4925990052218141,1,1,1
1530117,172,25,0.8172523113668212,0.6334117402421271,0,1,1
3396818,345,61,0.512726394261776,0.805525913576057,1,1,1
2857821,122,57,0.4383849800307613,0.39788417555702305,0,0,0
9413742,334,50,0.9962622865248768,0.8059789008675837,4,1,1
6084263,253,18,0.22917195121416212,0.5920168427890629,3,1,1
744761,320,80,0.5468759658760446,0.16590102437078624,2,0,0
8886180,131,21,0.6706755253823256,0.024684157224584613,3,1,1
564323,296,43,0.700867635861432,0.36275360039915205,3,1,1
1737715,139,13,0.2040246657385787,0.5466963282963399,4,1,1
8540979,359,81,0.6539940923398012,0.8398203522034884,1,1,1
1454480,294,83,0.8183695664813373,0.1274856801402462,2,1,1
7181134,32,86,0.050018576821112215,0.8002063476835791,1,1,1
1354016,114,10,0.9115212933253165,0.863009046067227,3,1,1
5847417,311,95,0.029504055145205932,0.1506874870008338,0,0,0
9753517,357,27,0.35597103248839435,0.851594319304219,3,1,1
6309701,333,63,0.015813196232962068,0.991453567842792,1,1,1
9939101,146,95,0.07714516853958187,0.7268388310482375,3,1,1
9171370,250,50,0.9111682851800791,0.784769681824988,0,1,1
3383427,183,42,0.3548608307461478,0.9944152675588734,4,1,1
1916012,182,18,0.4247715304250529,0.6054812505259454,1,0,0
6252810,41,76,0.21534438138255263,0.3078863820162494,3,1,1
1071650,162,66,0.5970957701867198,0.8375308340760557,1,1,1
4976576,333,39,0.5948032146777896,0.6144857775116312,4,1,1
9274533,322,23,0.37220039182521925,0.5811954237209566,3,1,1
3363793,329,34,0.33303487180539837,0.25363555551403827,3,1,1
5409047,257,82,0.8849643081805878,0.7563342695828866,1,1,1
7381289,300,88,0.3832842396422014,0.08166727586009626,1,0,1
7922212,72,29,0.49350099215440824,0.9242870707946612,0,1,1
4257974,355,44,0.28330476242493063,0.32582346077048474,4,1,1
9291689,331,92,0.7867695033571274,0.12777465278999045,0,1,1
7711179,50,18,0.39744815689909163,0.4423665331024188,3,1,1
9267500,136,30,0.5136110465443245,0.042469909256533156,1,0,1
4699591,332,91,0.2533571700596614,0.6846261942649663,3,1,1
6000545,146,26,0.9876595923412518,0.9027055104453562,3,1,1
8791923,153,52,0.2914957409237229,0.8372630071385088,2,1,1
3654240,310,87,0.7707425309055517,0.12736947344788108,2,1,1
9545310,321,55,0.4274956503567592,0.12627113710773186,3,1,1
8296324,232,7,0.20621740508413988,0.8134344823242641,1,1,1
8612074,80,46,0.7997187639648612,0.9242542746031159,3,1,1
2690222,300,23,0.33360678902904317,0.46066982983348914,2,0,0
3219269,353,77,0.8651933473978111,0.49897111691376594,1,1,1
7735574,306,32,0.915257184917823,0.3182620413857259,3,1,1
6172354,170,88,0.8598238353912759,0.894265118256414,4,1,1
5705597,304,49,0.03500791480680565,0.6449029052923559,4,1,1
5784958,319,75,0.7873733450051056,0.2882515771673685,3,1,1
1286667,363,82,0.4113394664991439,0.2987828710542516,1,0,0
2212503,81,67,0.8737229201822251,0.8912000730636024,3,1,1
4109736,56,77,0.6379542626847388,0.013634023905821469,3,1,1
8560833,186,23,0.8336431341439584,0.3227265727266384,2,1,1
7138155,268,51,0.49943176986683535,0.554356681216369,4,1,1
1884418,185,18,0.5350255045989328,0.14821746209932463,2,0,0
886594,320,42,0.14438763213366723,0.0920987541995898,2,0,0
3369760,165,57,0.7839873586893554,0.81527633109056,3,1,1
1592501,173,65,0.41938961166697164,0.8944043886485072,2,1,1
5738331,135,40,0.5000801182715826,0.8236064207981895,4,1,1
9025631,187,44,0.7850977140957076,0.8987878897373477,2,1,1
1635964,175,85,0.598845400079439,0.5531119710583715,4,1,1
2655748,31,34,0.20109872744266744,0.8122581209903419,2,1,1
4425282,106,13,0.5902326591508927,0.3840426383911004,4,1,1
1373172,161,68,0.40763285797965576,0.6662678614790385,2,0,0
9410852,119,37,0.46952554204386265,0.9888355313891645,2,1,1
6155378,292,56,0.028311274402667785,0.22572772383912743,1,0,0
5373594,137,93,0.2100293495162816,0.3898997462910806,4,1,1
4563309,103,18,0.28103808138102826,0.4800473773100856,4,1,1
7441245,68,79,0.7129600078588058,0.13801548702005173,4,1,1
9951244,188,57,0.011492473298115313,0.08103861046505678,0,0,1
8317304,100,63,0.40877726122913205,0.8297228663216244,2,1,1
1329735,341,82,0.9240268704257328,0.9767943728275862,4,1,1
7521862,270,98,0.11188061654912385,0.40472506382965867,0,0,1
8851245,327,45,0.516424388218611,0.08764983619465327,1,0,1
5782591,65,72,0.786522382390847,0.06581176069057648,4,1,1
7983058,113,72,0.9425313075201167,0.8913182063602987,4,1,1
3062469,292,96,0.746776639533718,0.46381424972767993,0,1,1
3586176,339,12,0.7205655486444061,0.3200273165623919,2,1,1
7009590,201,6,0.8264880901957624,0.4764612712393995,1,1,1
5845854,202,90,0.44620122097754367,0.31830409469234733,4,1,1
7990200,76,45,0.8058445326178331,0.48903577530762,2,1,1
5383680,170,59,0.007964404745451126,0.8595563969179368,1,1,1
4181262,147,20,0.9245610553768049,0.5923013710620957,3,1,1
5133078,306,97,0.4433065095171753,0.6946537728101754,3,1,1
3109089,243,66,0.5533801878657476,0.3646706762343366,1,0,0
3008749,249,52,0.2548822489148823,0.7385058785105187,0,1,1
1414228,55,34,0.7425308328404214,0.6666170848793723,1,1,1
1453959,38,16,0.07663580647524881,0.11956199775205645,1,0,0
8405477,300,39,0.8726358025468353,0.5726428531155846,0,1,1
3869538,39,15,0.8281168290063428,0.256743496309758,0,1,1
845266,150,68,0.2160601162447664,0.8040956696335928,2,1,1
5037358,154,54,0.8093243982852624,0.42593770846693946,2,1,1
9996563,199,89,0.7863577330614815,0.9946841651964872,0,1,1
7367100,101,25,0.632216597753949,0.09250043793896379,3,1,1
5775034,181,73,0.37352017689968753,0.7803478627401585,3,1,1
8053974,237,52,0.27149875418186786,0.6737017335421565,1,0,1
6597091,78,24,0.23178359028935003,0.7674988305907054,4,1,1
3677993,183,71,0.3186089627636072,0.30752979549045634,1,0,0
8205092,322,48,0.9035584434325303,0.4920544893824006,1,1,1
8083354,97,37,0.07764077598878127,0.7965085197237084,4,1,1
3631209,79,77,0.8288712762529586,0.232541331620855,0,1,1
6313365,181,65,0.34889007504182357,0.22603319678865208,3,1,1
4557893,48,13,0.5215993960113582,0.5510509532949324,1,0,0
6191276,129,72,0.7944856336484907,0.5235635795298558,4,1,1
5897662,89,39,0.8843765470229713,0.28226247041293284,2,1,1
2305468,196,85,0.344781420072647,0.29807565052482277,1,0,0
3927975,231,92,0.4618434812751103,0.2778451632065655,3,1,1
6856228,175,69,0.41451606481679226,0.7715120619984877,0,1,1
9014716,193,12,0.013251033503910548,0.6519008655624606,1,0,1
6025633,271,49,0.2959428888586566,0.8324171834102527,1,1,1
2580154,98,91,0.4591892337325618,0.9754730283140218,4,1,1
2744702,204,51,0.4110936088804398,0.4741642962719864,2,0,0
3877778,78,44,0.7219292275156795,0.06669388140544885,2,1,1
6235193,137,80,0.38480361722110323,0.04809231041203543,0,0,0
8226890,255,58,0.48937644897067023,0.29566503927161913,3,1,1
6397498,190,80,0.42960859213236335,0.9325445893524509,0,1,1
8857956,148,50,0.7406261488943705,0.5232130549708749,1,1,1
8704298,178,51,0.8629723989869625,0.27178651608012916,1,1,1
9276957,179,19,0.5318890790075141,0.39916679451101955,2,0,1
9951337,322,23,0.7894321941951912,0.5985951074046708,3,1,1
6343493,172,30,0.2967866820198506,0.6529496581378422,4,1,1
3886501,189,56,0.5413696101572687,0.15391950978290503,3,1,1
7895350,40,97,0.34522995366997244,0.977031676545176,1,1,1
5088334,167,26,0.4142009255718303,0.5447722269827888,4,1,1
8964685,107,25,0.7324138648126686,0.1356883177922793,3,1,1
7668362,106,55,0.8816624823327127,0.8936352533461337,3,1,1
4827819,283,42,0.12149539108776541,0.0746384310794288,4,1,1
7784953,287,24,0.6346392564873805,0.9077354331775127,1,1,1
1755564,349,33,0.5821438075777985,0.9965656562889824,3,1,1
9014493,320,55,0.11841503917593188,0.7004317991565039,4,1,1
9430264,292,8,0.21189433044010908,0.7704472210739898,1,1,1
9559296,114,59,0.31100249473268027,0.3373028364674864,4,1,1
4924507,175,75,0.16693107081750147,0.9415768527339338,4,1,1
3292427,352,96,0.2437294825243418,0.5297139661083676,3,1,1
3857679,71,32,0.2676007988617075,0.7323884465975549,1,1,1
6248035,154,8,0.3356738330390596,0.9241077159112795,3,1,1
4890020,196,26,0.749390452801159,0.9751799759755083,0,1,1
3181719,270,80,0.5719122038506007,0.8332043565966744,0,1,1
1390695,309,49,0.9862466719514015,0.30301750698203,1,1,1
1338761,217,71,0.414735826967471,0.9665475165520824,4,1,1
7867664,331,90,0.753865073836925,0.6281195312435718,3,1,1
9388923,48,70,0.8714684213765338,0.9306424763519598,3,1,1
5852825,97,92,0.6789784930380419,0.6761050258143518,1,1,1
9387324,247,38,0.411864740417496,0.3072389618477205,1,0,1
3821127,131,95,0.753594630745753,0.37002452414281595,0,1,1
3059272,71,59,0.20366713777268486,0.5504717771029405,2,0,0
2776106,317,5,0.3275521651801324,0.790014841559882,1,1,1
7460534,196,76,0.5466852550992888,0.31798255134033493,2,0,1
7874592,138,91,0.5754093872861483,0.5797311661341921,1,0,1
7075716,65,42,0.022141475472629457,0.34562499357640153,4,1,1
2502324,261,10,0.9451141887560087,0.8157694046351072,4,1,1
6762105,258,90,0.69662727121739,0.46672809376795044,0,1,1
7171318,193,29,0.49570375023189106,0.07672282685288523,0,0,1
994592,102,86,0.9331272344083084,0.16605252148153637,2,1,1
4078226,165,21,0.4390955652508285,0.06110466761963229,1,0,0
6649031,99,65,0.9804355702703718,0.49930294601432523,3,1,1
2927540,225,16,0.5122847572434851,0.10633729734822717,0,0,0
2215630,298,10,0.11428576999797946,0.1141399693096321,3,1,1
818408,78,94,0.7648009724592773,0.941048260038377,3,1,1
9356884,345,31,0.6788977250778405,0.8726550721760554,1,1,1
9400019,159,12,0.7729867213055868,0.452086596811366,2,1,1
3617172,34,87,0.9514420287256811,0.9858053208502058,1,1,1
9772985,56,69,0.7764893026510181,0.0001865281706631139,0,1,1
6804680,189,61,0.6113366022166469,0.6139794562733938,3,1,1
4735042,178,97,0.8573089023608409,0.6164281773718701,1,1,1
2398739,293,44,0.6732464393545315,0.4574430558698882,1,1,1
1517433,259,18,0.4081190568259231,0.39694797293429285,1,0,0
8604010,229,39,0.8856197642417732,0.4553831354806076,0,1,1
5161029,79,52,0.22190046078437287,0.4149604360796805,2,0,0
4178086,96,88,0.7146412749087242,0.7304924774822994,1,1,1
2081530,329,60,0.8815634549407569,0.13535543497328406,0,1,1
2587258,87,53,0.7313165197032963,0.19763922059113015,3,1,1
5356447,288,17,0.6972754190538569,0.1805182283924236,4,1,1
8869066,355,65,0.752638294071836,0.26247058512126453,0,1,1
7357658,159,53,0.4650552483006444,0.5252584187815833,4,1,1
1496530,244,50,0.874170682157026,0.11120874733821873,1,1,1
9659861,201,66,0.2034364751360912,0.8681692953265041,1,1,1
3101623,287,12,0.1273864160003393,0.2973615313084723,0,0,0
6731219,131,47,0.28550878011851155,0.16253798746870785,4,1,1
4608997,238,24,0.5315773967749932,0.6756213095982433,1,0,0
3864695,320,94,0.5105617954093381,0.03808630059931928,3,1,1
1545482,315,43,0.8205987576765866,0.6199685648741642,2,1,1
6286265,145,89,0.4045686564040174,0.6981984306764998,2,0,0
6408635,293,53,0.48434442629150865,0.21491653138671918,1,0,0
7987345,179,68,0.013367683259395635,0.04196407344363429,4,1,1
1070451,329,66,0.4097392364429391,0.3636453589194496,1,0,0
8908424,65,58,0.6477742329503421,0.09859423024193648,4,1,1
1467344,362,13,0.015508330626592182,0.11647784967333707,3,1,1
2912149,316,92,0.28088196518624375,0.25426123144486457,4,1,1
5898869,332,41,0.20795635928938994,0.2954679246267593,1,0,0
3852252,340,53,0.04198542890958823,0.5299703410214206,3,1,1
4232839,237,45,0.4792600899145375,0.6783918855030131,0,0,0
9927504,135,21,0.1817232932281565,0.5927709408701848,2,0,1
7522336,187,92,0.7430815396313801,0.1483603372895168,1,1,1
6268927,150,25,0.8479278837633485,0.17208603245262644,1,1,1
3378604,84,55,0.5455851826691478,0.8787692497929145,1,1,1
4827858,41,63,0.9817073425211416,0.5583523150641136,3,1,1
7933533,174,43,0.45047857147059533,0.869937832897689,0,1,1
9152831,165,59,0.5133682102249155,0.3715465113198744,4,1,1
6484684,32,45,0.9892177539577501,0.6144000074313238,0,1,1
3194287,173,43,0.23154843596504882,0.5236634160546108,3,1,1
7011634,59,17,0.9425459396769053,0.31912348982046257,1,1,1
5121056,266,68,0.042837555119113246,0.46991537203359535,2,0,0
9476973,308,15,0.4463868902631948,0.502490876826932,1,0,1
1203662,144,23,0.07000351213306577,0.2007709747566786,4,1,1
1805585,133,15,0.729234742913643,0.3150103723767316,2,1,1
4592097,147,81,0.6084089358800178,0.7914097505069756,1,1,1
3159440,34,50,0.7066342634675964,0.9157882394541271,2,1,1
4443645,277,49,0.37448039996801696,0.35979409354529945,0,0,0
4995013,350,5,0.3694819340313803,0.3069722822090182,3,1,1
6594467,150,44,0.045319278960894605,0.19519716457188252,1,0,0
6017366,315,23,0.3499449395296398,0.6784911686505812,4,1,1
3948678,178,80,0.9292884022620594,0.3230997016663373,0,1,1
5711593,113,76,0.37922653718044896,0.9877495390991885,1,1,1
8870262,260,76,0.83136770622197,0.3256848020639532,0,1,1
5346769,317,65,0.8423255047499341,0.39413604678262815,4,1,1
7949607,190,16,0.37324115637923383,0.6033341962120348,1,0,1
4543064,301,65,0.631988680396189,0.801684293191305,4,1,1
3102967,67,37,0.09537160227305863,0.4695186653456337,2,0,0
3938550,255,49,0.1036785807342765,0.42265603378895833,4,1,1
576218,171,94,0.04865766366171331,0.9956378335948083,2,1,1
7378974,321,96,0.5810150933751095,0.010493641139944443,1,0,1
1270044,180,73,0.426070977626097,0.8950652888512458,2,1,1
6079079,143,12,0.5480323566642401,0.14914082593973743,1,0,0
3685714,266,29,0.5210731905083879,0.7859252762089134,1,1,1
2228096,95,95,0.3502029910907303,0.617931559846298,3,1,1
9236347,287,50,0.6774734148234729,0.34184728549809207,1,1,1
9360935,278,91,0.7585018809163907,0.8738749555210183,2,1,1
8167105,360,34,0.014628258877675715,0.012907227980991975,3,1,1
3194946,352,51,0.2072422997688783,0.22669065207492367,3,1,1
4729215,209,91,0.7132358680833368,0.566892796249536,1,1,1
